{"cameraMode":{"drawMode":0,"name":"Shaded","section":"Shading Mode"},"sceneLighting":false,"audioPlay":false,"sceneViewState":{"showFog":true,"showMaterialUpdate":false,"showSkybox":true,"showFlares":true,"showImageEffects":true,"showParticleSystems":true},"in2DMode":false,"pivot":{"x":-4.227666854858398,"y":0.6416759490966797,"z":0.7552738189697266},"rotation":{"x":0.2817479074001312,"y":0.12903136014938355,"z":-0.03826740011572838,"w":0.9500024318695068},"size":40.05239486694336,"orthographic":false}